{
    "Y_0": {
        "M_N": 0.038714073655185116,
        "M": 0.7408163870480496,
        "filename": "figures/Y_0_plot.png"
    },
    "Y_1": {
        "M_N": 0.08453449474721605,
        "M": 0.6591001499514197,
        "filename": "figures/Y_1_plot.png"
    },
    "Y_2": {
        "M_N": 0.7169416799750469,
        "M": 0.2467440299113892,
        "filename": "figures/Y_2_plot.png"
    },
    "Y_3": {
        "M_N": 0.5566673655634895,
        "M": 0.22667511597841566,
        "filename": "figures/Y_3_plot.png"
    },
    "Y_4": {
        "M_N": 0.009640128987178198,
        "M": 0.7871309441561671,
        "filename": "figures/Y_4_plot.png"
    },
    "Y_5": {
        "M_N": 0.14141480103456058,
        "M": 0.4411888385812877,
        "filename": "figures/Y_5_plot.png"
    },
    "Y_6": {
        "M_N": 0.052631578952000005,
        "M": 0.5,
        "filename": "figures/Y_6_plot.png"
    },
    "Y_7": {
        "M_N": 0.1673130157000001,
        "M": 0.46936290156999994,
        "filename": "figures/Y_7_plot.png"
    },
    "Y_8": {
        "M_N": 0.10603881884000005,
        "M": 0.53063709843,
        "filename": "figures/Y_8_plot.png"
    },
    "Y_9": {
        "M_N": 0.026360934080182512,
        "M": 0.7920081429599087,
        "filename": "figures/Y_9_plot.png"
    },
    "Y_10": {
        "M_N": 0.6103772199999999,
        "M": 0.2079918570400913,
        "filename": "figures/Y_10_plot.png"
    }
}